JYPRA GROUP  |  SEO Keyword Strategy – Australia · USA · New Zealand,,,,,,,,,,,
Source: Google Keyword Planner  |  Period: May 2025 – Apr 2026  |  20 Best Rankable Keywords,,,,,,,,,,,
#,Keyword,Target Markets,JYPRA Service,"Avg Monthly
Searches",Competition,"Comp.
Index","Bid Low
(INR)","Bid High
(INR)","YoY
Change","3M
Change","Rankability
Score (1–5)"
1,Cyber Security Company,AU / US / NZ,Cyber Security Assessment,50000,Low,22,744.35,2735.29,0%,0%,5
2,Managed Security Service Provider,AU / US / NZ,Managed Cyber Security,50000,Low,17,597.74,5870.29,0%,0%,5
3,Penetration Testing Service,AU / US / NZ,Penetration Testing,5000,Low,12,3719.9,17568.16,0%,0%,4
4,Managed Cyber Security Services,AU / US / NZ,Managed Cyber Security,5000,Low,6,2668.83,8979.23,0%,0%,4
5,Cyber Security Assessment,AU / US / NZ,Cyber Security Assessment,5000,Low,13,920.04,3472.84,0%,0%,4
6,Cloud Security Solutions,AU / US / NZ,Cloud Security & Compliance,5000,Low,1,1295.02,7120.69,0%,0%,4
7,Cloud Security Services,AU / US / NZ,Cloud Security & Compliance,5000,Low,8,1414.13,7120.69,0%,900%,4
8,Managed Security Services,AU / US / NZ,Managed Cyber Security,5000,Low,10,1443.79,7595.4,0%,0%,4
9,Network Security Solutions,AU / US / NZ,Web & Email Security,5000,Low,3,728.21,2652.69,0%,0%,4
10,Network Security Services,AU / US / NZ,Web & Email Security,5000,Low,5,664.6,3141.56,0%,0%,4
11,Cybersecurity Consulting Firms,AU / US / NZ,Security Advisory Service,5000,Low,15,935.18,3214.75,0%,0%,4
12,Cybersecurity Consulting Services,AU / US / NZ,Security Advisory Service,5000,Low,8,1488.39,4712.95,0%,0%,4
13,Data Loss Prevention Solutions,AU / US / NZ,Data Loss Prevention,5000,Low,24,2326.39,14241.84,0%,0%,4
14,Cybersecurity Risk Assessment,AU / US / NZ,Cyber Security Assessment,5000,Low,11,709.93,2739.76,0%,0%,4
15,Cybersecurity Incident Response,AU / US / NZ,Incident Response,5000,Low,27,795.23,2902.38,0%,0%,4
16,Cybersecurity Training Platforms,AU / US / NZ,Security Awareness,5000,Low,1,1338.69,10310.49,900%,900%,4
17,Web Application Penetration Testing,AU / US / NZ,Penetration Testing,5000,Low,22,1146.91,11110.44,-90%,-90%,4
18,Cloud Security Posture Management,AU / US / NZ,Cloud Security & Compliance,5000,Low,16,2741.38,8516.64,0%,900%,4
19,Cyber Security For Business,AU / US / NZ,Managed Cyber Security,5000,Low,25,845.94,4777.25,0%,0%,4
20,Penetration Testing,AU / US / NZ,Penetration Testing,50000,Medium,44,880.12,6183.13,0%,0%,3
,,,,,,,,,,,
Rankability Score Guide:  5 = Very High (Low comp + 10k+ vol)  |  4 = High (Low comp + 5k vol)  |  3 = Good (Med comp)  |  2 = Moderate,,,,,,,,,,,
